motif_uid,motif_name,motif_genes,gene_ids,gene_names
MA0006.1,Ahr::Arnt,"Ahr,Arnt","ENSMUSG00000019256.17,ENSMUSG00000015522.18","Ahr,Arnt"
MA0854.1,Alx1,Alx1,ENSMUSG00000036602.14,Alx1
MA0634.1,ALX3,ALX3,ENSMUSG00000014603.3,Alx3
MA0853.1,Alx4,Alx4,ENSMUSG00000040310.12,Alx4
MA0007.3,Ar,Ar,ENSMUSG00000046532.8,Ar
MA0151.1,Arid3a,Arid3a,ENSMUSG00000019564.12,Arid3a
MA0601.1,Arid3b,Arid3b,ENSMUSG00000004661.15,Arid3b
MA0602.1,Arid5a,Arid5a,ENSMUSG00000037447.16,Arid5a
MA0004.1,Arnt,Arnt,ENSMUSG00000015522.18,Arnt
MA0259.1,ARNT::HIF1A,"ARNT,HIF1A","ENSMUSG00000015522.18,ENSMUSG00000021109.13","Arnt,Hif1a"
MA1464.1,ARNT2,ARNT2,ENSMUSG00000015709.9,Arnt2
MA0603.1,Arntl,Arntl,ENSMUSG00000055116.8,Arntl
MA0874.1,Arx,Arx,ENSMUSG00000035277.15,Arx
MA1100.2,ASCL1,ASCL1,ENSMUSG00000020052.9,Ascl1
MA1631.1,ASCL1(var.2),ASCL1,ENSMUSG00000020052.9,Ascl1
MA0816.1,Ascl2,Ascl2,ENSMUSG00000009248.6,Ascl2
MA0604.1,Atf1,Atf1,ENSMUSG00000023027.13,Atf1
MA1632.1,ATF2,ATF2,ENSMUSG00000027104.18,Atf2
MA0605.2,ATF3,ATF3,ENSMUSG00000026628.13,Atf3
MA0833.2,ATF4,ATF4,ENSMUSG00000042406.8,Atf4
MA1466.1,ATF6,ATF6,ENSMUSG00000026663.6,Atf6
MA0834.1,ATF7,ATF7,ENSMUSG00000099083.7,Atf7
MA0461.2,Atoh1,Atoh1,ENSMUSG00000073043.5,Atoh1
MA1467.1,ATOH1(var.2),ATOH1,ENSMUSG00000073043.5,Atoh1
MA1468.1,ATOH7,ATOH7,ENSMUSG00000036816.4,Atoh7
MA1633.1,BACH1,BACH1,ENSMUSG00000025612.5,Bach1
MA0591.1,Bach1::Mafk,"Bach1,Mafk","ENSMUSG00000025612.5,ENSMUSG00000018143.10","Bach1,Mafk"
MA1101.2,BACH2,BACH2,ENSMUSG00000040270.16,Bach2
MA1470.1,BACH2(var.2),BACH2,ENSMUSG00000040270.16,Bach2
MA0877.2,BARHL1,BARHL1,ENSMUSG00000026805.14,Barhl1
MA0635.1,BARHL2,BARHL2,ENSMUSG00000034384.11,Barhl2
MA0875.1,BARX1,BARX1,ENSMUSG00000021381.4,Barx1
MA1471.1,BARX2,BARX2,ENSMUSG00000032033.11,Barx2
MA1634.1,BATF,BATF,ENSMUSG00000034266.6,Batf
MA0462.2,BATF::JUN,"BATF,JUN","ENSMUSG00000034266.6,ENSMUSG00000052684.4","Batf,Jun"
MA0835.2,BATF3,BATF3,ENSMUSG00000026630.9,Batf3
MA0463.2,BCL6,BCL6,ENSMUSG00000022508.5,Bcl6
MA0731.1,BCL6B,BCL6B,ENSMUSG00000000317.11,Bcl6b
MA0607.1,Bhlha15,Bhlha15,ENSMUSG00000052271.7,Bhlha15
MA1472.1,BHLHA15(var.2),BHLHA15,ENSMUSG00000052271.7,Bhlha15
MA0818.1,BHLHE22,BHLHE22,ENSMUSG00000025128.7,Bhlhe22
MA1635.1,BHLHE22(var.2),BHLHE22,ENSMUSG00000025128.7,Bhlhe22
MA0817.1,BHLHE23,BHLHE23,ENSMUSG00000045493.4,Bhlhe23
MA0464.2,BHLHE40,BHLHE40,ENSMUSG00000030103.11,Bhlhe40
MA0636.1,BHLHE41,BHLHE41,ENSMUSG00000030256.11,Bhlhe41
MA0876.1,BSX,BSX,ENSMUSG00000054360.4,Bsx
MA0878.2,CDX1,CDX1,ENSMUSG00000024619.8,Cdx1
MA0465.2,CDX2,CDX2,ENSMUSG00000029646.3,Cdx2
MA1473.1,CDX4,CDX4,ENSMUSG00000031326.2,Cdx4
MA0102.4,CEBPA,CEBPA,ENSMUSG00000034957.10,Cebpa
MA0466.2,CEBPB,CEBPB,ENSMUSG00000056501.3,Cebpb
MA0836.2,CEBPD,CEBPD,ENSMUSG00000071637.5,Cebpd
MA0837.1,CEBPE,CEBPE,ENSMUSG00000052435.7,Cebpe
MA0838.1,CEBPG,CEBPG,ENSMUSG00000056216.9,Cebpg
MA1636.1,CEBPG(var.2),CEBPG,ENSMUSG00000056216.9,Cebpg
MA0637.1,CENPB,CENPB,ENSMUSG00000068267.5,Cenpb
MA0819.1,CLOCK,CLOCK,ENSMUSG00000029238.11,Clock
MA0018.4,CREB1,CREB1,ENSMUSG00000025958.14,Creb1
MA0638.1,CREB3,CREB3,ENSMUSG00000028466.15,Creb3
MA0839.1,CREB3L1,CREB3L1,ENSMUSG00000027230.9,Creb3l1
MA0608.1,Creb3l2,Creb3l2,ENSMUSG00000038648.5,Creb3l2
MA1474.1,CREB3L4,CREB3L4,ENSMUSG00000027938.11,Creb3l4
MA1475.1,CREB3L4(var.2),CREB3L4,ENSMUSG00000027938.11,Creb3l4
MA0840.1,Creb5,Creb5,ENSMUSG00000053007.9,Creb5
MA0609.2,CREM,CREM,ENSMUSG00000063889.16,Crem
MA0467.1,Crx,Crx,ENSMUSG00000041578.15,Crx
MA0139.1,CTCF,CTCF,ENSMUSG00000005698.15,Ctcf
MA1102.2,CTCFL,CTCFL,ENSMUSG00000070495.11,Ctcfl
MA0754.1,CUX1,CUX1,ENSMUSG00000029705.17,Cux1
MA0755.1,CUX2,CUX2,ENSMUSG00000042589.18,Cux2
MA0639.1,DBP,DBP,ENSMUSG00000059824.12,Dbp
MA0019.1,Ddit3::Cebpa,"Ddit3,Cebpa",ENSMUSG00000034957.10,Cebpa
MA0879.1,Dlx1,Dlx1,ENSMUSG00000041911.3,Dlx1
MA0885.1,Dlx2,Dlx2,ENSMUSG00000023391.8,Dlx2
MA0880.1,Dlx3,Dlx3,ENSMUSG00000001510.8,Dlx3
MA0881.1,Dlx4,Dlx4,ENSMUSG00000020871.8,Dlx4
MA1476.1,DLX5,DLX5,ENSMUSG00000029755.10,Dlx5
MA0882.1,DLX6,DLX6,ENSMUSG00000029754.13,Dlx6
MA0883.1,Dmbx1,Dmbx1,ENSMUSG00000028707.15,Dmbx1
MA1603.1,Dmrt1,Dmrt1,ENSMUSG00000024837.15,Dmrt1
MA0610.1,DMRT3,DMRT3,ENSMUSG00000042372.5,Dmrt3
MA1478.1,DMRTA2,DMRTA2,ENSMUSG00000047143.3,Dmrta2
MA1479.1,DMRTC2,DMRTC2,ENSMUSG00000011349.5,Dmrtc2
MA1481.1,DRGX,DRGX,ENSMUSG00000041730.14,Prrxl1
MA0024.3,E2F1,E2F1,ENSMUSG00000027490.17,E2f1
MA0864.2,E2F2,E2F2,ENSMUSG00000018983.9,E2f2
MA0469.3,E2F3,E2F3,ENSMUSG00000016477.18,E2f3
MA0470.2,E2F4,E2F4,ENSMUSG00000014859.9,E2f4
MA0471.2,E2F6,E2F6,ENSMUSG00000057469.8,E2f6
MA0758.1,E2F7,E2F7,ENSMUSG00000020185.16,E2f7
MA0865.1,E2F8,E2F8,ENSMUSG00000046179.17,E2f8
MA0154.4,EBF1,EBF1,ENSMUSG00000057098.14,Ebf1
MA1604.1,Ebf2,Ebf2,ENSMUSG00000022053.13,Ebf2
MA1637.1,EBF3,EBF3,ENSMUSG00000010476.14,Ebf3
MA0162.4,EGR1,EGR1,ENSMUSG00000038418.7,Egr1
MA0472.2,EGR2,EGR2,ENSMUSG00000037868.15,Egr2
MA0732.1,EGR3,EGR3,ENSMUSG00000033730.4,Egr3
MA0733.1,EGR4,EGR4,ENSMUSG00000071341.4,Egr4
MA0598.3,EHF,EHF,ENSMUSG00000012350.15,Ehf
MA0473.3,ELF1,ELF1,ENSMUSG00000036461.16,Elf1
MA1483.1,ELF2,ELF2,ENSMUSG00000037174.18,Elf2
MA0640.2,ELF3,ELF3,ENSMUSG00000003051.13,Elf3
MA0641.1,ELF4,ELF4,ENSMUSG00000031103.12,Elf4
MA0136.2,ELF5,ELF5,ENSMUSG00000027186.14,Elf5
MA0028.2,ELK1,ELK1,ENSMUSG00000009406.13,Elk1
MA0759.1,ELK3,ELK3,ENSMUSG00000008398.15,Elk3
MA0076.2,ELK4,ELK4,ENSMUSG00000026436.15,Elk4
MA0612.2,EMX1,EMX1,ENSMUSG00000033726.8,Emx1
MA0886.1,EMX2,EMX2,ENSMUSG00000043969.4,Emx2
MA0027.2,EN1,EN1,ENSMUSG00000058665.8,En1
MA0642.1,EN2,EN2,ENSMUSG00000039095.8,En2
MA0800.1,EOMES,EOMES,ENSMUSG00000032446.14,Eomes
MA0760.1,ERF,ERF,ENSMUSG00000040857.15,Erf
MA0474.2,ERG,ERG,ENSMUSG00000040732.20,Erg
MA0112.3,ESR1,ESR1,ENSMUSG00000019768.16,Esr1
MA0258.2,ESR2,ESR2,ENSMUSG00000021055.14,Esr2
MA0592.3,ESRRA,ESRRA,ENSMUSG00000024955.14,Esrra
MA0141.3,ESRRB,ESRRB,ENSMUSG00000021255.17,Esrrb
MA0643.1,Esrrg,Esrrg,ENSMUSG00000026610.13,Esrrg
MA0644.1,ESX1,ESX1,ENSMUSG00000023443.13,Esx1
MA0098.3,ETS1,ETS1,ENSMUSG00000032035.15,Ets1
MA1484.1,ETS2,ETS2,ENSMUSG00000022895.16,Ets2
MA0761.2,ETV1,ETV1,ENSMUSG00000004151.17,Etv1
MA0762.1,ETV2,ETV2,ENSMUSG00000006311.8,Etv2
MA0763.1,ETV3,ETV3,ENSMUSG00000003382.18,Etv3
MA0764.2,ETV4,ETV4,ENSMUSG00000017724.14,Etv4
MA0765.2,ETV5,ETV5,ENSMUSG00000013089.15,Etv5
MA0645.1,ETV6,ETV6,ENSMUSG00000030199.16,Etv6
MA0887.1,EVX1,EVX1,ENSMUSG00000005503.8,Evx1
MA0888.1,EVX2,EVX2,ENSMUSG00000001815.15,Evx2
MA0149.1,EWSR1-FLI1,"EWSR1,FLI1","ENSMUSG00000009079.16,ENSMUSG00000016087.13","Ewsr1,Fli1"
MA1485.1,FERD3L,FERD3L,ENSMUSG00000046518.3,Ferd3l
MA0156.2,FEV,FEV,ENSMUSG00000055197.4,Fev
MA0820.1,FIGLA,FIGLA,ENSMUSG00000030001.4,Figla
MA0475.2,FLI1,FLI1,ENSMUSG00000016087.13,Fli1
MA0476.1,FOS,FOS,ENSMUSG00000021250.13,Fos
MA0099.3,FOS::JUN,"FOS,JUN","ENSMUSG00000021250.13,ENSMUSG00000052684.4","Fos,Jun"
MA1126.1,FOS::JUN(var.2),"FOS,JUN","ENSMUSG00000021250.13,ENSMUSG00000052684.4","Fos,Jun"
MA1134.1,FOS::JUNB,"FOS,JUNB","ENSMUSG00000021250.13,ENSMUSG00000052837.6","Fos,Junb"
MA1141.1,FOS::JUND,"FOS,JUND","ENSMUSG00000021250.13,ENSMUSG00000071076.6","Fos,Jund"
MA1127.1,FOSB::JUN,"FOSB,JUN","ENSMUSG00000003545.3,ENSMUSG00000052684.4","Fosb,Jun"
MA1135.1,FOSB::JUNB,"FOSB,JUNB","ENSMUSG00000003545.3,ENSMUSG00000052837.6","Fosb,Junb"
MA1136.1,FOSB::JUNB(var.2),"FOSB,JUNB","ENSMUSG00000003545.3,ENSMUSG00000052837.6","Fosb,Junb"
MA0477.2,FOSL1,FOSL1,ENSMUSG00000024912.6,Fosl1
MA1128.1,FOSL1::JUN,"FOSL1,JUN","ENSMUSG00000024912.6,ENSMUSG00000052684.4","Fosl1,Jun"
MA1129.1,FOSL1::JUN(var.2),"FOSL1,JUN","ENSMUSG00000024912.6,ENSMUSG00000052684.4","Fosl1,Jun"
MA1137.1,FOSL1::JUNB,"FOSL1,JUNB","ENSMUSG00000024912.6,ENSMUSG00000052837.6","Fosl1,Junb"
MA1142.1,FOSL1::JUND,"FOSL1,JUND","ENSMUSG00000024912.6,ENSMUSG00000071076.6","Fosl1,Jund"
MA1143.1,FOSL1::JUND(var.2),"FOSL1,JUND","ENSMUSG00000024912.6,ENSMUSG00000071076.6","Fosl1,Jund"
MA0478.1,FOSL2,FOSL2,ENSMUSG00000029135.10,Fosl2
MA1130.1,FOSL2::JUN,"FOSL2,JUN","ENSMUSG00000029135.10,ENSMUSG00000052684.4","Fosl2,Jun"
MA1131.1,FOSL2::JUN(var.2),"FOSL2,JUN","ENSMUSG00000029135.10,ENSMUSG00000052684.4","Fosl2,Jun"
MA1138.1,FOSL2::JUNB,"FOSL2,JUNB","ENSMUSG00000029135.10,ENSMUSG00000052837.6","Fosl2,Junb"
MA1139.1,FOSL2::JUNB(var.2),"FOSL2,JUNB","ENSMUSG00000029135.10,ENSMUSG00000052837.6","Fosl2,Junb"
MA1144.1,FOSL2::JUND,"FOSL2,JUND","ENSMUSG00000029135.10,ENSMUSG00000071076.6","Fosl2,Jund"
MA1145.1,FOSL2::JUND(var.2),"FOSL2,JUND","ENSMUSG00000029135.10,ENSMUSG00000071076.6","Fosl2,Jund"
MA0148.4,FOXA1,FOXA1,ENSMUSG00000035451.7,Foxa1
MA0047.3,FOXA2,FOXA2,ENSMUSG00000037025.11,Foxa2
MA1683.1,FOXA3,FOXA3,ENSMUSG00000040891.6,Foxa3
MA0845.1,FOXB1,FOXB1,ENSMUSG00000059246.4,Foxb1
MA0032.2,FOXC1,FOXC1,ENSMUSG00000050295.4,Foxc1
MA0846.1,FOXC2,FOXC2,ENSMUSG00000046714.7,Foxc2
MA0031.1,FOXD1,FOXD1,ENSMUSG00000078302.5,Foxd1
MA0847.2,FOXD2,FOXD2,ENSMUSG00000055210.4,Foxd2
MA0041.1,Foxd3,Foxd3,ENSMUSG00000067261.4,Foxd3
MA1487.1,FOXE1,FOXE1,ENSMUSG00000070990.2,Foxe1
MA1606.1,Foxf1,Foxf1,ENSMUSG00000042812.5,Foxf1
MA0030.1,FOXF2,FOXF2,ENSMUSG00000038402.2,Foxf2
MA0613.1,FOXG1,FOXG1,ENSMUSG00000020950.10,Foxg1
MA0479.1,FOXH1,FOXH1,ENSMUSG00000033837.5,Foxh1
MA0042.2,FOXI1,FOXI1,ENSMUSG00000047861.2,Foxi1
MA0614.1,Foxj2,Foxj2,ENSMUSG00000003154.15,Foxj2
MA0851.1,Foxj3,Foxj3,ENSMUSG00000032998.16,Foxj3
MA0852.2,FOXK1,FOXK1,ENSMUSG00000056493.9,Foxk1
MA1103.2,FOXK2,FOXK2,ENSMUSG00000039275.9,Foxk2
MA0033.2,FOXL1,FOXL1,ENSMUSG00000097084.1,Foxl1
MA1607.1,Foxl2,Foxl2,ENSMUSG00000050397.4,Foxl2
MA1489.1,FOXN3,FOXN3,ENSMUSG00000033713.12,Foxn3
MA0480.1,Foxo1,Foxo1,ENSMUSG00000044167.6,Foxo1
MA0157.2,FOXO3,FOXO3,ENSMUSG00000048756.11,Foxo3
MA0848.1,FOXO4,FOXO4,ENSMUSG00000042903.8,Foxo4
MA0849.1,FOXO6,FOXO6,ENSMUSG00000052135.8,Foxo6
MA0481.3,FOXP1,FOXP1,ENSMUSG00000030067.17,Foxp1
MA0593.1,FOXP2,FOXP2,ENSMUSG00000029563.16,Foxp2
MA0850.1,FOXP3,FOXP3,ENSMUSG00000039521.13,Foxp3
MA0040.1,Foxq1,Foxq1,ENSMUSG00000038415.10,Foxq1
MA0062.3,GABPA,GABPA,ENSMUSG00000008976.16,Gabpa
MA0035.4,GATA1,GATA1,ENSMUSG00000031162.14,Gata1
MA0140.2,GATA1::TAL1,"GATA1,TAL1","ENSMUSG00000031162.14,ENSMUSG00000028717.12","Gata1,Tal1"
MA0036.3,GATA2,GATA2,ENSMUSG00000015053.14,Gata2
MA0037.3,GATA3,GATA3,ENSMUSG00000015619.10,Gata3
MA0482.2,GATA4,GATA4,ENSMUSG00000021944.15,Gata4
MA0766.2,GATA5,GATA5,ENSMUSG00000015627.5,Gata5
MA1104.2,GATA6,GATA6,ENSMUSG00000005836.10,Gata6
MA0889.1,GBX1,GBX1,ENSMUSG00000067724.5,Gbx1
MA0890.1,GBX2,GBX2,ENSMUSG00000034486.8,Gbx2
MA0646.1,GCM1,GCM1,ENSMUSG00000023333.8,Gcm1
MA0767.1,GCM2,GCM2,ENSMUSG00000021362.7,Gcm2
MA0038.2,GFI1,GFI1,ENSMUSG00000029275.18,Gfi1
MA0483.1,Gfi1b,Gfi1b,ENSMUSG00000026815.14,Gfi1b
MA0734.2,GLI2,GLI2,ENSMUSG00000048402.14,Gli2
MA1491.1,GLI3,GLI3,ENSMUSG00000021318.15,Gli3
MA0735.1,GLIS1,GLIS1,ENSMUSG00000034762.9,Glis1
MA0736.1,GLIS2,GLIS2,ENSMUSG00000014303.13,Glis2
MA0737.1,GLIS3,GLIS3,ENSMUSG00000052942.13,Glis3
MA0615.1,Gmeb1,Gmeb1,ENSMUSG00000028901.13,Gmeb1
MA0862.1,GMEB2,GMEB2,ENSMUSG00000038705.13,Gmeb2
MA0647.1,GRHL1,GRHL1,ENSMUSG00000020656.16,Grhl1
MA1105.2,GRHL2,GRHL2,ENSMUSG00000022286.16,Grhl2
MA0648.1,GSC,GSC,ENSMUSG00000021095.5,Gsc
MA0891.1,GSC2,GSC2,ENSMUSG00000022738.7,Gsc2
MA0892.1,GSX1,GSX1,ENSMUSG00000053129.5,Gsx1
MA0893.2,GSX2,GSX2,ENSMUSG00000035946.7,Gsx2
MA0092.1,Hand1::Tcf3,"Hand1,Tcf3","ENSMUSG00000037335.13,ENSMUSG00000020167.14","Hand1,Tcf3"
MA1638.1,HAND2,HAND2,ENSMUSG00000038193.4,Hand2
MA1099.2,HES1,HES1,ENSMUSG00000022528.8,Hes1
MA0616.2,HES2,HES2,ENSMUSG00000028940.2,Hes2
MA0821.1,HES5,HES5,ENSMUSG00000048001.7,Hes5
MA1493.1,HES6,HES6,ENSMUSG00000067071.8,Hes6
MA0822.1,HES7,HES7,ENSMUSG00000023781.2,Hes7
MA0894.1,HESX1,HESX1,ENSMUSG00000040726.10,Hesx1
MA0823.1,HEY1,HEY1,ENSMUSG00000040289.8,Hey1
MA0649.1,HEY2,HEY2,ENSMUSG00000019789.9,Hey2
MA0739.1,Hic1,Hic1,ENSMUSG00000043099.4,Hic1
MA0738.1,HIC2,HIC2,ENSMUSG00000050240.16,Hic2
MA1106.1,HIF1A,HIF1A,ENSMUSG00000021109.13,Hif1a
MA0131.2,HINFP,HINFP,ENSMUSG00000032119.5,Hinfp
MA0043.3,HLF,HLF,ENSMUSG00000003949.16,Hlf
MA0109.1,HLTF,HLTF,ENSMUSG00000002428.12,Hltf
MA0895.1,HMBOX1,HMBOX1,ENSMUSG00000021972.14,Hmbox1
MA0896.1,Hmx1,Hmx1,ENSMUSG00000067438.5,Hmx1
MA0897.1,Hmx2,Hmx2,ENSMUSG00000050100.14,Hmx2
MA0898.1,Hmx3,Hmx3,ENSMUSG00000040148.5,Hmx3
MA0046.2,HNF1A,HNF1A,ENSMUSG00000029556.12,Hnf1a
MA0153.2,HNF1B,HNF1B,ENSMUSG00000020679.11,Hnf1b
MA0114.4,HNF4A,HNF4A,ENSMUSG00000017950.16,Hnf4a
MA1494.1,HNF4A(var.2),HNF4A,ENSMUSG00000017950.16,Hnf4a
MA0484.2,HNF4G,HNF4G,ENSMUSG00000017688.14,Hnf4g
MA1495.1,HOXA1,HOXA1,ENSMUSG00000029844.9,Hoxa1
MA0899.1,HOXA10,HOXA10,ENSMUSG00000000938.11,Hoxa10
MA0911.1,Hoxa11,Hoxa11,ENSMUSG00000038210.10,Hoxa11
MA0650.2,HOXA13,HOXA13,ENSMUSG00000038203.18,Hoxa13
MA0900.2,HOXA2,HOXA2,ENSMUSG00000014704.10,Hoxa2
MA1496.1,HOXA4,HOXA4,ENSMUSG00000000942.10,Hoxa4
MA0158.2,HOXA5,HOXA5,ENSMUSG00000038253.6,Hoxa5
MA1497.1,HOXA6,HOXA6,ENSMUSG00000043219.9,Hoxa6
MA1498.1,HOXA7,HOXA7,ENSMUSG00000038236.8,Hoxa7
MA0594.2,HOXA9,HOXA9,ENSMUSG00000038227.15,Hoxa9
MA0901.2,HOXB13,HOXB13,ENSMUSG00000049604.3,Hoxb13
MA0902.2,HOXB2,HOXB2,ENSMUSG00000075588.6,Hoxb2
MA0903.1,HOXB3,HOXB3,ENSMUSG00000048763.11,Hoxb3
MA1499.1,HOXB4,HOXB4,ENSMUSG00000038692.8,Hoxb4
MA0904.2,HOXB5,HOXB5,ENSMUSG00000038700.4,Hoxb5
MA1500.1,HOXB6,HOXB6,ENSMUSG00000000690.5,Hoxb6
MA1501.1,HOXB7,HOXB7,ENSMUSG00000038721.8,Hoxb7
MA1502.1,HOXB8,HOXB8,ENSMUSG00000056648.5,Hoxb8
MA1503.1,HOXB9,HOXB9,ENSMUSG00000020875.9,Hoxb9
MA0905.1,HOXC10,HOXC10,ENSMUSG00000022484.7,Hoxc10
MA0651.1,HOXC11,HOXC11,ENSMUSG00000001656.3,Hoxc11
MA0906.1,HOXC12,HOXC12,ENSMUSG00000050328.2,Hoxc12
MA0907.1,HOXC13,HOXC13,ENSMUSG00000001655.6,Hoxc13
MA1504.1,HOXC4,HOXC4,ENSMUSG00000075394.4,Hoxc4
MA1505.1,HOXC8,HOXC8,ENSMUSG00000001657.7,Hoxc8
MA0485.2,HOXC9,HOXC9,ENSMUSG00000036139.6,Hoxc9
MA1506.1,HOXD10,HOXD10,ENSMUSG00000050368.4,Hoxd10
MA0908.1,HOXD11,HOXD11,ENSMUSG00000042499.13,Hoxd11
MA0873.1,HOXD12,HOXD12,ENSMUSG00000001823.5,Hoxd12
MA0909.2,HOXD13,HOXD13,ENSMUSG00000001819.4,Hoxd13
MA0912.2,HOXD3,HOXD3,ENSMUSG00000079277.9,Hoxd3
MA1507.1,HOXD4,HOXD4,ENSMUSG00000101174.8,Hoxd4
MA0910.2,HOXD8,HOXD8,ENSMUSG00000027102.4,Hoxd8
MA0913.2,HOXD9,HOXD9,ENSMUSG00000043342.9,Hoxd9
MA0486.2,HSF1,HSF1,ENSMUSG00000022556.11,Hsf1
MA0770.1,HSF2,HSF2,ENSMUSG00000019878.8,Hsf2
MA0771.1,HSF4,HSF4,ENSMUSG00000033249.10,Hsf4
MA1508.1,IKZF1,IKZF1,ENSMUSG00000018654.17,Ikzf1
MA0155.1,INSM1,INSM1,ENSMUSG00000068154.5,Insm1
MA0050.2,IRF1,IRF1,ENSMUSG00000018899.16,Irf1
MA0051.1,IRF2,IRF2,ENSMUSG00000031627.9,Irf2
MA1418.1,IRF3,IRF3,ENSMUSG00000003184.15,Irf3
MA1419.1,IRF4,IRF4,ENSMUSG00000021356.10,Irf4
MA1420.1,IRF5,IRF5,ENSMUSG00000029771.12,Irf5
MA1509.1,IRF6,IRF6,ENSMUSG00000026638.15,Irf6
MA0772.1,IRF7,IRF7,ENSMUSG00000025498.15,Irf7
MA0652.1,IRF8,IRF8,ENSMUSG00000041515.10,Irf8
MA0653.1,IRF9,IRF9,ENSMUSG00000002325.15,Irf9
MA1608.1,Isl1,Isl1,ENSMUSG00000042258.13,Isl1
MA0914.1,ISL2,ISL2,ENSMUSG00000032318.12,Isl2
MA0654.1,ISX,ISX,ENSMUSG00000031621.9,Isx
MA0655.1,JDP2,JDP2,ENSMUSG00000034271.16,Jdp2
MA0656.1,JDP2(var.2),JDP2,ENSMUSG00000034271.16,Jdp2
MA0488.1,JUN,JUN,ENSMUSG00000052684.4,Jun
MA1132.1,JUN::JUNB,"JUN,JUNB","ENSMUSG00000052684.4,ENSMUSG00000052837.6","Jun,Junb"
MA1133.1,JUN::JUNB(var.2),"JUN,JUNB","ENSMUSG00000052684.4,ENSMUSG00000052837.6","Jun,Junb"
MA0489.1,JUN(var.2),JUN,ENSMUSG00000052684.4,Jun
MA0490.2,JUNB,JUNB,ENSMUSG00000052837.6,Junb
MA1140.2,JUNB(var.2),JUNB,ENSMUSG00000052837.6,Junb
MA0491.2,JUND,JUND,ENSMUSG00000071076.6,Jund
MA0492.1,JUND(var.2),JUND,ENSMUSG00000071076.6,Jund
MA0493.1,Klf1,Klf1,ENSMUSG00000054191.8,Klf1
MA1511.1,KLF10,KLF10,ENSMUSG00000037465.10,Klf10
MA1512.1,KLF11,KLF11,ENSMUSG00000020653.12,Klf11
MA0742.1,Klf12,Klf12,ENSMUSG00000072294.5,Klf12
MA0657.1,KLF13,KLF13,ENSMUSG00000052040.10,Klf13
MA0740.1,KLF14,KLF14,ENSMUSG00000073209.4,Klf14
MA1513.1,KLF15,KLF15,ENSMUSG00000030087.11,Klf15
MA0741.1,KLF16,KLF16,ENSMUSG00000035397.8,Klf16
MA1514.1,KLF17,KLF17,ENSMUSG00000048626.5,Klf17
MA1515.1,KLF2,KLF2,ENSMUSG00000055148.7,Klf2
MA1516.1,KLF3,KLF3,ENSMUSG00000029178.14,Klf3
MA0039.4,KLF4,KLF4,ENSMUSG00000003032.8,Klf4
MA0599.1,KLF5,KLF5,ENSMUSG00000005148.8,Klf5
MA1517.1,KLF6,KLF6,ENSMUSG00000000078.7,Klf6
MA1107.2,KLF9,KLF9,ENSMUSG00000033863.2,Klf9
MA0618.1,LBX1,LBX1,ENSMUSG00000025216.9,Lbx1
MA0699.1,LBX2,LBX2,ENSMUSG00000034968.3,Lbx2
MA0768.1,LEF1,LEF1,ENSMUSG00000027985.14,Lef1
MA1518.1,LHX1,LHX1,ENSMUSG00000018698.15,Lhx1
MA0700.2,LHX2,LHX2,ENSMUSG00000000247.11,Lhx2
MA0135.1,Lhx3,Lhx3,ENSMUSG00000026934.15,Lhx3
MA0704.1,Lhx4,Lhx4,ENSMUSG00000026468.14,Lhx4
MA1519.1,LHX5,LHX5,ENSMUSG00000029595.9,Lhx5
MA0658.1,LHX6,LHX6,ENSMUSG00000026890.19,Lhx6
MA0705.1,Lhx8,Lhx8,ENSMUSG00000096225.7,Lhx8
MA0701.2,LHX9,LHX9,ENSMUSG00000019230.14,Lhx9
MA0619.1,LIN54,LIN54,ENSMUSG00000035310.15,Lin54
MA0702.2,LMX1A,LMX1A,ENSMUSG00000026686.14,Lmx1a
MA0703.2,LMX1B,LMX1B,ENSMUSG00000038765.13,Lmx1b
MA1520.1,MAF,MAF,ENSMUSG00000055435.6,Maf
MA0501.1,MAF::NFE2,"MAF,NFE2","ENSMUSG00000055435.6,ENSMUSG00000058794.12","Maf,Nfe2"
MA1521.1,MAFA,MAFA,ENSMUSG00000047591.5,Mafa
MA0117.2,Mafb,Mafb,ENSMUSG00000074622.4,Mafb
MA0495.3,MAFF,MAFF,ENSMUSG00000042622.14,Maff
MA0659.2,MAFG,MAFG,ENSMUSG00000051510.13,Mafg
MA0496.3,MAFK,MAFK,ENSMUSG00000018143.10,Mafk
MA0058.3,MAX,MAX,ENSMUSG00000059436.13,Max
MA0059.1,MAX::MYC,"MAX,MYC","ENSMUSG00000059436.13,ENSMUSG00000022346.15","Max,Myc"
MA1522.1,MAZ,MAZ,ENSMUSG00000030678.7,Maz
MA0029.1,Mecom,Mecom,ENSMUSG00000027684.16,Mecom
MA0052.4,MEF2A,MEF2A,ENSMUSG00000030557.17,Mef2a
MA0660.1,MEF2B,MEF2B,ENSMUSG00000079033.10,Mef2b
MA0497.1,MEF2C,MEF2C,ENSMUSG00000005583.16,Mef2c
MA0773.1,MEF2D,MEF2D,ENSMUSG00000001419.17,Mef2d
MA0498.2,MEIS1,MEIS1,ENSMUSG00000020160.18,Meis1
MA1639.1,MEIS1(var.2),MEIS1,ENSMUSG00000020160.18,Meis1
MA0774.1,MEIS2,MEIS2,ENSMUSG00000027210.20,Meis2
MA1640.1,MEIS2(var.2),MEIS2,ENSMUSG00000027210.20,Meis2
MA0775.1,MEIS3,MEIS3,ENSMUSG00000041420.18,Meis3
MA0661.1,MEOX1,MEOX1,ENSMUSG00000001493.9,Meox1
MA0706.1,MEOX2,MEOX2,ENSMUSG00000036144.6,Meox2
MA0801.1,MGA,MGA,ENSMUSG00000033943.15,Mga
MA0620.3,MITF,MITF,ENSMUSG00000035158.15,Mitf
MA0662.1,MIXL1,MIXL1,ENSMUSG00000026497.7,Mixl1
MA0663.1,MLX,MLX,ENSMUSG00000017801.15,Mlx
MA0622.1,Mlxip,Mlxip,ENSMUSG00000038342.15,Mlxip
MA0664.1,MLXIPL,MLXIPL,ENSMUSG00000005373.13,Mlxipl
MA0825.1,MNT,MNT,ENSMUSG00000000282.12,Mnt
MA0707.1,MNX1,MNX1,ENSMUSG00000001566.9,Mnx1
MA1523.1,MSANTD3,MSANTD3,ENSMUSG00000039693.11,Msantd3
MA0665.1,MSC,MSC,ENSMUSG00000025930.6,Msc
MA1524.1,MSGN1,MSGN1,ENSMUSG00000047002.2,Msgn1
MA0666.1,MSX1,MSX1,ENSMUSG00000048450.10,Msx1
MA0708.1,MSX2,MSX2,ENSMUSG00000021469.9,Msx2
MA0709.1,Msx3,Msx3,ENSMUSG00000025469.10,Msx3
MA0863.1,MTF1,MTF1,ENSMUSG00000028890.13,Mtf1
MA1108.2,MXI1,MXI1,ENSMUSG00000025025.14,Mxi1
MA0100.3,MYB,MYB,ENSMUSG00000019982.15,Myb
MA0776.1,MYBL1,MYBL1,ENSMUSG00000025912.16,Mybl1
MA0777.1,MYBL2,MYBL2,ENSMUSG00000017861.11,Mybl2
MA0147.3,MYC,MYC,ENSMUSG00000022346.15,Myc
MA0104.4,MYCN,MYCN,ENSMUSG00000037169.15,Mycn
MA1641.1,MYF5,MYF5,ENSMUSG00000000435.1,Myf5
MA0667.1,MYF6,MYF6,ENSMUSG00000035923.4,Myf6
MA0499.2,MYOD1,MYOD1,ENSMUSG00000009471.4,Myod1
MA0500.2,MYOG,MYOG,ENSMUSG00000026459.5,Myog
MA0056.2,MZF1,MZF1,ENSMUSG00000030380.17,Mzf1
MA0057.1,MZF1(var.2),MZF1,ENSMUSG00000030380.17,Mzf1
MA1109.1,NEUROD1,NEUROD1,ENSMUSG00000034701.9,Neurod1
MA0668.1,NEUROD2,NEUROD2,ENSMUSG00000038255.6,Neurod2
MA0623.2,NEUROG1,NEUROG1,ENSMUSG00000048904.5,Neurog1
MA0669.1,NEUROG2,NEUROG2,ENSMUSG00000027967.8,Neurog2
MA1642.1,NEUROG2(var.2),NEUROG2,ENSMUSG00000027967.8,Neurog2
MA0606.1,NFAT5,NFAT5,ENSMUSG00000003847.16,Nfat5
MA0624.1,NFATC1,NFATC1,ENSMUSG00000033016.16,Nfatc1
MA0152.1,NFATC2,NFATC2,ENSMUSG00000027544.16,Nfatc2
MA0625.1,NFATC3,NFATC3,ENSMUSG00000031902.10,Nfatc3
MA1525.1,NFATC4,NFATC4,ENSMUSG00000023411.12,Nfatc4
MA0841.1,NFE2,NFE2,ENSMUSG00000058794.12,Nfe2
MA0089.2,NFE2L1,NFE2L1,ENSMUSG00000038615.17,Nfe2l1
MA0150.2,Nfe2l2,Nfe2l2,ENSMUSG00000015839.6,Nfe2l2
MA0670.1,NFIA,NFIA,ENSMUSG00000028565.18,Nfia
MA1643.1,NFIB,NFIB,ENSMUSG00000008575.17,Nfib
MA0161.2,NFIC,NFIC,ENSMUSG00000055053.18,Nfic
MA0119.1,NFIC::TLX1,"NFIC,TLX1","ENSMUSG00000055053.18,ENSMUSG00000025215.10","Nfic,Tlx1"
MA1527.1,NFIC(var.2),NFIC,ENSMUSG00000055053.18,Nfic
MA0025.2,NFIL3,NFIL3,ENSMUSG00000056749.7,Nfil3
MA0671.1,NFIX,NFIX,ENSMUSG00000001911.16,Nfix
MA1528.1,NFIX(var.2),NFIX,ENSMUSG00000001911.16,Nfix
MA0105.4,NFKB1,NFKB1,ENSMUSG00000028163.17,Nfkb1
MA0778.1,NFKB2,NFKB2,ENSMUSG00000025225.15,Nfkb2
MA0060.3,NFYA,NFYA,ENSMUSG00000023994.13,Nfya
MA0502.2,NFYB,NFYB,ENSMUSG00000020248.18,Nfyb
MA1644.1,NFYC,NFYC,ENSMUSG00000032897.17,Nfyc
MA0048.2,NHLH1,NHLH1,ENSMUSG00000051251.3,Nhlh1
MA1529.1,NHLH2,NHLH2,ENSMUSG00000048540.8,Nhlh2
MA1645.1,NKX2-2,NKX2-2,ENSMUSG00000027434.11,Nkx2-2
MA0672.1,NKX2-3,NKX2-3,ENSMUSG00000044220.13,Nkx2-3
MA0063.2,NKX2-5,NKX2-5,ENSMUSG00000015579.5,Nkx2-5
MA0503.1,Nkx2-5(var.2),Nkx2-5,ENSMUSG00000015579.5,Nkx2-5
MA0673.1,NKX2-8,NKX2-8,ENSMUSG00000058669.7,Nkx2-9
MA0124.2,Nkx3-1,Nkx3-1,ENSMUSG00000022061.8,Nkx3-1
MA0122.3,Nkx3-2,Nkx3-2,ENSMUSG00000049691.8,Nkx3-2
MA0674.1,NKX6-1,NKX6-1,ENSMUSG00000035187.10,Nkx6-1
MA0675.1,NKX6-2,NKX6-2,ENSMUSG00000041309.17,Nkx6-2
MA1530.1,NKX6-3,NKX6-3,ENSMUSG00000063672.7,Nkx6-3
MA0125.1,Nobox,Nobox,ENSMUSG00000029736.15,Nobox
MA0710.1,NOTO,NOTO,ENSMUSG00000068302.8,Noto
MA0626.1,Npas2,Npas2,ENSMUSG00000026077.15,Npas2
MA1531.1,NR1D1,NR1D1,ENSMUSG00000020889.11,Nr1d1
MA1532.1,NR1D2,NR1D2,ENSMUSG00000021775.11,Nr1d2
MA0115.1,NR1H2::RXRA,"NR1H2,RXRA","ENSMUSG00000060601.13,ENSMUSG00000015846.14","Nr1h2,Rxra"
MA0494.1,Nr1h3::Rxra,"Nr1h3,Rxra","ENSMUSG00000002108.10,ENSMUSG00000015846.14","Nr1h3,Rxra"
MA1110.1,NR1H4,NR1H4,ENSMUSG00000047638.15,Nr1h4
MA1146.1,NR1H4::RXRA,"NR1H4,RXRA","ENSMUSG00000047638.15,ENSMUSG00000015846.14","Nr1h4,Rxra"
MA1533.1,NR1I2,NR1I2,ENSMUSG00000022809.4,Nr1i2
MA1534.1,NR1I3,NR1I3,ENSMUSG00000005677.14,Nr1i3
MA1535.1,NR2C1,NR2C1,ENSMUSG00000005897.14,Nr2c1
MA0504.1,NR2C2,NR2C2,ENSMUSG00000005893.14,Nr2c2
MA1536.1,NR2C2(var.2),NR2C2,ENSMUSG00000005893.14,Nr2c2
MA0676.1,Nr2e1,Nr2e1,ENSMUSG00000019803.11,Nr2e1
MA0164.1,Nr2e3,Nr2e3,ENSMUSG00000032292.8,Nr2e3
MA0017.2,NR2F1,NR2F1,ENSMUSG00000069171.14,Nr2f1
MA1537.1,NR2F1(var.2),NR2F1,ENSMUSG00000069171.14,Nr2f1
MA1538.1,NR2F1(var.3),NR2F1,ENSMUSG00000069171.14,Nr2f1
MA1111.1,NR2F2,NR2F2,ENSMUSG00000030551.14,Nr2f2
MA0677.1,Nr2f6,Nr2f6,ENSMUSG00000002393.14,Nr2f6
MA0728.1,Nr2f6(var.2),Nr2f6,ENSMUSG00000002393.14,Nr2f6
MA1539.1,NR2F6(var.3),NR2F6,ENSMUSG00000002393.14,Nr2f6
MA0113.3,NR3C1,NR3C1,ENSMUSG00000024431.15,Nr3c1
MA0727.1,NR3C2,NR3C2,ENSMUSG00000031618.13,Nr3c2
MA1112.2,NR4A1,NR4A1,ENSMUSG00000023034.7,Nr4a1
MA0160.1,NR4A2,NR4A2,ENSMUSG00000026826.13,Nr4a2
MA1147.1,NR4A2::RXRA,"NR4A2,RXRA","ENSMUSG00000026826.13,ENSMUSG00000015846.14","Nr4a2,Rxra"
MA1540.1,NR5A1,NR5A1,ENSMUSG00000026751.14,Nr5a1
MA0505.1,Nr5a2,Nr5a2,ENSMUSG00000026398.14,Nr5a2
MA1541.1,NR6A1,NR6A1,ENSMUSG00000063972.13,Nr6a1
MA0506.1,NRF1,NRF1,ENSMUSG00000058440.14,Nrf1
MA0842.2,NRL,NRL,ENSMUSG00000040632.16,Nrl
MA0826.1,OLIG1,OLIG1,ENSMUSG00000046160.6,Olig1
MA0678.1,OLIG2,OLIG2,ENSMUSG00000039830.9,Olig2
MA0827.1,OLIG3,OLIG3,ENSMUSG00000045591.6,Olig3
MA0679.2,ONECUT1,ONECUT1,ENSMUSG00000043013.10,Onecut1
MA0756.1,ONECUT2,ONECUT2,ENSMUSG00000045991.19,Onecut2
MA0757.1,ONECUT3,ONECUT3,ENSMUSG00000045518.8,Onecut3
MA1542.1,OSR1,OSR1,ENSMUSG00000048387.8,Osr1
MA1646.1,OSR2,OSR2,ENSMUSG00000022330.5,Osr2
MA0711.1,OTX1,OTX1,ENSMUSG00000005917.15,Otx1
MA0712.2,OTX2,OTX2,ENSMUSG00000021848.16,Otx2
MA1544.1,OVOL1,OVOL1,ENSMUSG00000024922.2,Ovol1
MA1545.1,OVOL2,OVOL2,ENSMUSG00000037279.13,Ovol2
MA0779.1,PAX1,PAX1,ENSMUSG00000037034.16,Pax1
MA0067.1,Pax2,Pax2,ENSMUSG00000004231.15,Pax2
MA0780.1,PAX3,PAX3,ENSMUSG00000004872.15,Pax3
MA1546.1,PAX3(var.2),PAX3,ENSMUSG00000004872.15,Pax3
MA0068.2,PAX4,PAX4,ENSMUSG00000029706.15,Pax4
MA0014.3,PAX5,PAX5,ENSMUSG00000014030.15,Pax5
MA0069.1,PAX6,PAX6,ENSMUSG00000027168.21,Pax6
MA0680.1,PAX7,PAX7,ENSMUSG00000028736.13,Pax7
MA0781.1,PAX9,PAX9,ENSMUSG00000001497.18,Pax9
MA0070.1,PBX1,PBX1,ENSMUSG00000052534.15,Pbx1
MA1113.2,PBX2,PBX2,ENSMUSG00000034673.14,Pbx2
MA1114.1,PBX3,PBX3,ENSMUSG00000038718.15,Pbx3
MA0132.2,PDX1,PDX1,ENSMUSG00000029644.7,Pdx1
MA0713.1,PHOX2A,PHOX2A,ENSMUSG00000007946.11,Phox2a
MA0681.2,PHOX2B,PHOX2B,ENSMUSG00000012520.10,Phox2b
MA0682.2,PITX1,PITX1,ENSMUSG00000021506.7,Pitx1
MA1547.1,PITX2,PITX2,ENSMUSG00000028023.16,Pitx2
MA0714.1,PITX3,PITX3,ENSMUSG00000025229.15,Pitx3
MA0782.2,PKNOX1,PKNOX1,ENSMUSG00000006705.13,Pknox1
MA0783.1,PKNOX2,PKNOX2,ENSMUSG00000035934.16,Pknox2
MA0163.1,PLAG1,PLAG1,ENSMUSG00000003282.9,Plag1
MA1615.1,Plagl1,Plagl1,ENSMUSG00000019817.18,Plagl1
MA1548.1,PLAGL2,PLAGL2,ENSMUSG00000051413.17,Plagl2
MA0784.1,POU1F1,POU1F1,ENSMUSG00000004842.18,Pou1f1
MA0785.1,POU2F1,POU2F1,ENSMUSG00000026565.18,Pou2f1
MA0507.1,POU2F2,POU2F2,ENSMUSG00000008496.19,Pou2f2
MA0627.2,POU2F3,POU2F3,ENSMUSG00000032015.16,Pou2f3
MA0786.1,POU3F1,POU3F1,ENSMUSG00000090125.3,Pou3f1
MA0787.1,POU3F2,POU3F2,ENSMUSG00000095139.2,Pou3f2
MA0788.1,POU3F3,POU3F3,ENSMUSG00000045515.3,Pou3f3
MA0789.1,POU3F4,POU3F4,ENSMUSG00000056854.4,Pou3f4
MA0790.1,POU4F1,POU4F1,ENSMUSG00000048349.9,Pou4f1
MA0683.1,POU4F2,POU4F2,ENSMUSG00000031688.4,Pou4f2
MA0791.1,POU4F3,POU4F3,ENSMUSG00000024497.4,Pou4f3
MA1115.1,POU5F1,POU5F1,ENSMUSG00000024406.16,Pou5f1
MA0142.1,Pou5f1::Sox2,"Pou5f1,Sox2","ENSMUSG00000024406.16,ENSMUSG00000074637.7","Pou5f1,Sox2"
MA0628.1,POU6F1,POU6F1,ENSMUSG00000009739.17,Pou6f1
MA1549.1,POU6F1(var.2),POU6F1,ENSMUSG00000009739.17,Pou6f1
MA0793.1,POU6F2,POU6F2,ENSMUSG00000009734.18,Pou6f2
MA1148.1,PPARA::RXRA,"PPARA,RXRA","ENSMUSG00000022383.13,ENSMUSG00000015846.14","Ppara,Rxra"
MA1550.1,PPARD,PPARD,ENSMUSG00000002250.16,Ppard
MA0066.1,PPARG,PPARG,ENSMUSG00000000440.12,Pparg
MA0065.2,Pparg::Rxra,"Pparg,Rxra","ENSMUSG00000000440.12,ENSMUSG00000015846.14","Pparg,Rxra"
MA0508.3,PRDM1,PRDM1,ENSMUSG00000038151.13,Prdm1
MA1616.1,Prdm15,Prdm15,ENSMUSG00000014039.18,Prdm15
MA1647.1,PRDM4,PRDM4,ENSMUSG00000035529.10,Prdm4
MA0715.1,PROP1,PROP1,ENSMUSG00000044542.3,Prop1
MA0794.1,PROX1,PROX1,ENSMUSG00000010175.13,Prox1
MA0716.1,PRRX1,PRRX1,ENSMUSG00000026586.16,Prrx1
MA0075.3,PRRX2,PRRX2,ENSMUSG00000039476.13,Prrx2
MA1618.1,Ptf1a,Ptf1a,ENSMUSG00000026735.2,Ptf1a
MA1619.1,Ptf1a(var.2),Ptf1a,ENSMUSG00000026735.2,Ptf1a
MA1620.1,Ptf1a(var.3),Ptf1a,ENSMUSG00000026735.2,Ptf1a
MA0729.1,RARA,RARA,ENSMUSG00000037992.16,Rara
MA0159.1,RARA::RXRA,"RARA,RXRA","ENSMUSG00000037992.16,ENSMUSG00000015846.14","Rara,Rxra"
MA1149.1,RARA::RXRG,"RARA,RXRG","ENSMUSG00000037992.16,ENSMUSG00000015843.10","Rara,Rxrg"
MA0730.1,RARA(var.2),RARA,ENSMUSG00000037992.16,Rara
MA0857.1,Rarb,Rarb,ENSMUSG00000017491.9,Rarb
MA0858.1,Rarb(var.2),Rarb,ENSMUSG00000017491.9,Rarb
MA1552.1,RARB(var.3),RARB,ENSMUSG00000017491.9,Rarb
MA0859.1,Rarg,Rarg,ENSMUSG00000001288.15,Rarg
MA0860.1,Rarg(var.2),Rarg,ENSMUSG00000001288.15,Rarg
MA1553.1,RARG(var.3),RARG,ENSMUSG00000001288.15,Rarg
MA0718.1,RAX,RAX,ENSMUSG00000024518.4,Rax
MA1116.1,RBPJ,RBPJ,ENSMUSG00000039191.12,Rbpj
MA1621.1,Rbpjl,Rbpjl,ENSMUSG00000017007.9,Rbpjl
MA0101.1,REL,REL,ENSMUSG00000020275.9,Rel
MA0107.1,RELA,RELA,ENSMUSG00000024927.8,Rela
MA1117.1,RELB,RELB,ENSMUSG00000002983.17,Relb
MA0138.2,REST,REST,ENSMUSG00000029249.15,Rest
MA0509.2,RFX1,RFX1,ENSMUSG00000031706.7,Rfx1
MA0600.2,RFX2,RFX2,ENSMUSG00000024206.15,Rfx2
MA0798.2,RFX3,RFX3,ENSMUSG00000040929.17,Rfx3
MA0799.1,RFX4,RFX4,ENSMUSG00000020037.15,Rfx4
MA0510.2,RFX5,RFX5,ENSMUSG00000005774.12,Rfx5
MA1554.1,RFX7,RFX7,ENSMUSG00000037674.15,Rfx7
MA0629.1,Rhox11,Rhox11,ENSMUSG00000051038.10,Rhox11
MA0071.1,RORA,RORA,ENSMUSG00000032238.17,Rora
MA0072.1,RORA(var.2),RORA,ENSMUSG00000032238.17,Rora
MA1150.1,RORB,RORB,ENSMUSG00000036192.15,Rorb
MA1151.1,RORC,RORC,ENSMUSG00000028150.14,Rorc
MA0073.1,RREB1,RREB1,ENSMUSG00000039087.17,Rreb1
MA0002.2,RUNX1,RUNX1,ENSMUSG00000022952.17,Runx1
MA0511.2,RUNX2,RUNX2,ENSMUSG00000039153.17,Runx2
MA0684.2,RUNX3,RUNX3,ENSMUSG00000070691.10,Runx3
MA0512.2,Rxra,Rxra,ENSMUSG00000015846.14,Rxra
MA0074.1,RXRA::VDR,"RXRA,VDR","ENSMUSG00000015846.14,ENSMUSG00000022479.15","Rxra,Vdr"
MA0855.1,RXRB,RXRB,ENSMUSG00000039656.17,Rxrb
MA1555.1,RXRB(var.2),RXRB,ENSMUSG00000039656.17,Rxrb
MA0856.1,RXRG,RXRG,ENSMUSG00000015843.10,Rxrg
MA1556.1,RXRG(var.2),RXRG,ENSMUSG00000015843.10,Rxrg
MA0743.2,SCRT1,SCRT1,ENSMUSG00000048385.9,Scrt1
MA0744.2,SCRT2,SCRT2,ENSMUSG00000060257.2,Scrt2
MA0630.1,SHOX,SHOX,ENSMUSG00000027833.16,Shox2
MA0720.1,Shox2,Shox2,ENSMUSG00000027833.16,Shox2
MA1118.1,SIX1,SIX1,ENSMUSG00000051367.8,Six1
MA1119.1,SIX2,SIX2,ENSMUSG00000024134.11,Six2
MA0631.1,Six3,Six3,ENSMUSG00000038805.10,Six3
MA1622.1,Smad2::Smad3,"Smad2,Smad3","ENSMUSG00000024563.16,ENSMUSG00000032402.12","Smad2,Smad3"
MA0513.1,SMAD2::SMAD3::SMAD4,"SMAD2,SMAD3,SMAD4","ENSMUSG00000024563.16,ENSMUSG00000032402.12,ENSMUSG00000024515.13","Smad2,Smad3,Smad4"
MA0795.1,SMAD3,SMAD3,ENSMUSG00000032402.12,Smad3
MA1153.1,Smad4,Smad4,ENSMUSG00000024515.13,Smad4
MA1557.1,SMAD5,SMAD5,ENSMUSG00000021540.16,Smad5
MA1558.1,SNAI1,SNAI1,ENSMUSG00000042821.7,Snai1
MA0745.2,SNAI2,SNAI2,ENSMUSG00000022676.7,Snai2
MA1559.1,SNAI3,SNAI3,ENSMUSG00000006587.6,Snai3
MA1560.1,SOHLH2,SOHLH2,ENSMUSG00000027794.4,Sohlh2
MA0870.1,Sox1,Sox1,ENSMUSG00000096014.1,Sox1
MA0442.2,SOX10,SOX10,ENSMUSG00000033006.10,Sox10
MA0869.1,Sox11,Sox11,ENSMUSG00000063632.6,Sox11
MA1561.1,SOX12,SOX12,ENSMUSG00000051817.8,Sox12
MA1120.1,SOX13,SOX13,ENSMUSG00000070643.11,Sox13
MA1562.1,SOX14,SOX14,ENSMUSG00000053747.9,Sox14
MA1152.1,SOX15,SOX15,ENSMUSG00000041287.5,Sox15
MA0078.1,Sox17,Sox17,ENSMUSG00000025902.13,Sox17
MA1563.1,SOX18,SOX18,ENSMUSG00000046470.5,Sox18
MA0143.4,SOX2,SOX2,ENSMUSG00000074637.7,Sox2
MA0866.1,SOX21,SOX21,ENSMUSG00000061517.8,Sox21
MA0514.1,Sox3,Sox3,ENSMUSG00000045179.9,Sox3
MA0867.2,SOX4,SOX4,ENSMUSG00000076431.4,Sox4
MA0087.1,Sox5,Sox5,ENSMUSG00000041540.16,Sox5
MA0515.1,Sox6,Sox6,ENSMUSG00000051910.13,Sox6
MA0868.2,SOX8,SOX8,ENSMUSG00000024176.10,Sox8
MA0077.1,SOX9,SOX9,ENSMUSG00000000567.5,Sox9
MA0079.4,SP1,SP1,ENSMUSG00000001280.13,Sp1
MA0516.2,SP2,SP2,ENSMUSG00000018678.13,Sp2
MA0746.2,SP3,SP3,ENSMUSG00000027109.16,Sp3
MA0685.1,SP4,SP4,ENSMUSG00000025323.10,Sp4
MA0747.1,SP8,SP8,ENSMUSG00000048562.7,Sp8
MA1564.1,SP9,SP9,ENSMUSG00000068859.5,Sp9
MA0686.1,SPDEF,SPDEF,ENSMUSG00000024215.14,Spdef
MA0080.5,SPI1,SPI1,ENSMUSG00000002111.8,Spi1
MA0081.2,SPIB,SPIB,ENSMUSG00000008193.13,Spib
MA0687.1,SPIC,SPIC,ENSMUSG00000004359.16,Spic
MA0111.1,Spz1,Spz1,ENSMUSG00000046957.5,Spz1
MA0595.1,SREBF1,SREBF1,ENSMUSG00000020538.15,Srebf1
MA0829.2,SREBF1(var.2),SREBF1,ENSMUSG00000020538.15,Srebf1
MA0596.1,SREBF2,SREBF2,ENSMUSG00000022463.8,Srebf2
MA0828.1,SREBF2(var.2),SREBF2,ENSMUSG00000022463.8,Srebf2
MA0083.3,SRF,SRF,ENSMUSG00000015605.6,Srf
MA0084.1,SRY,SRY,ENSMUSG00000069036.3,Sry
MA0137.3,STAT1,STAT1,ENSMUSG00000026104.14,Stat1
MA0517.1,STAT1::STAT2,"STAT1,STAT2","ENSMUSG00000026104.14,ENSMUSG00000040033.16","Stat1,Stat2"
MA1623.1,Stat2,Stat2,ENSMUSG00000040033.16,Stat2
MA0144.2,STAT3,STAT3,ENSMUSG00000004040.16,Stat3
MA0518.1,Stat4,Stat4,ENSMUSG00000062939.11,Stat4
MA1624.1,Stat5a,Stat5a,ENSMUSG00000004043.14,Stat5a
MA0519.1,Stat5a::Stat5b,"Stat5a,Stat5b","ENSMUSG00000004043.14,ENSMUSG00000020919.11","Stat5a,Stat5b"
MA1625.1,Stat5b,Stat5b,ENSMUSG00000020919.11,Stat5b
MA0520.1,Stat6,Stat6,ENSMUSG00000002147.18,Stat6
MA0091.1,TAL1::TCF3,"TAL1,TCF3","ENSMUSG00000028717.12,ENSMUSG00000020167.14","Tal1,Tcf3"
MA0108.2,TBP,TBP,ENSMUSG00000014767.17,Tbp
MA0802.1,TBR1,TBR1,ENSMUSG00000035033.15,Tbr1
MA0805.1,TBX1,TBX1,ENSMUSG00000009097.10,Tbx1
MA0803.1,TBX15,TBX15,ENSMUSG00000027868.11,Tbx15
MA1565.1,TBX18,TBX18,ENSMUSG00000032419.8,Tbx18
MA0804.1,TBX19,TBX19,ENSMUSG00000026572.11,Tbx19
MA0688.1,TBX2,TBX2,ENSMUSG00000000093.6,Tbx2
MA0689.1,TBX20,TBX20,ENSMUSG00000031965.15,Tbx20
MA0690.1,TBX21,TBX21,ENSMUSG00000001444.2,Tbx21
MA1566.1,TBX3,TBX3,ENSMUSG00000018604.18,Tbx3
MA0806.1,TBX4,TBX4,ENSMUSG00000000094.12,Tbx4
MA0807.1,TBX5,TBX5,ENSMUSG00000018263.11,Tbx5
MA1567.1,TBX6,TBX6,ENSMUSG00000030699.16,Tbx6
MA0009.2,TBXT,TBXT,ENSMUSG00000062327.10,T
MA0521.1,Tcf12,Tcf12,ENSMUSG00000032228.16,Tcf12
MA1648.1,TCF12(var.2),TCF12,ENSMUSG00000032228.16,Tcf12
MA0832.1,Tcf21,Tcf21,ENSMUSG00000045680.8,Tcf21
MA1568.1,TCF21(var.2),TCF21,ENSMUSG00000045680.8,Tcf21
MA0522.3,TCF3,TCF3,ENSMUSG00000020167.14,Tcf3
MA0830.2,TCF4,TCF4,ENSMUSG00000053477.17,Tcf4
MA0769.2,TCF7,TCF7,ENSMUSG00000000782.15,Tcf7
MA1421.1,TCF7L1,TCF7L1,ENSMUSG00000055799.13,Tcf7l1
MA0523.1,TCF7L2,TCF7L2,ENSMUSG00000024985.19,Tcf7l2
MA0632.2,TCFL5,TCFL5,ENSMUSG00000038932.13,Tcfl5
MA0090.3,TEAD1,TEAD1,ENSMUSG00000055320.17,Tead1
MA1121.1,TEAD2,TEAD2,ENSMUSG00000030796.17,Tead2
MA0808.1,TEAD3,TEAD3,ENSMUSG00000002249.21,Tead3
MA0809.2,TEAD4,TEAD4,ENSMUSG00000030353.15,Tead4
MA0843.1,TEF,TEF,ENSMUSG00000022389.15,Tef
MA0003.4,TFAP2A,TFAP2A,ENSMUSG00000021359.16,Tfap2a
MA0810.1,TFAP2A(var.2),TFAP2A,ENSMUSG00000021359.16,Tfap2a
MA0872.1,TFAP2A(var.3),TFAP2A,ENSMUSG00000021359.16,Tfap2a
MA0811.1,TFAP2B,TFAP2B,ENSMUSG00000025927.13,Tfap2b
MA0812.1,TFAP2B(var.2),TFAP2B,ENSMUSG00000025927.13,Tfap2b
MA0813.1,TFAP2B(var.3),TFAP2B,ENSMUSG00000025927.13,Tfap2b
MA0524.2,TFAP2C,TFAP2C,ENSMUSG00000028640.11,Tfap2c
MA0814.2,TFAP2C(var.2),TFAP2C,ENSMUSG00000028640.11,Tfap2c
MA0815.1,TFAP2C(var.3),TFAP2C,ENSMUSG00000028640.11,Tfap2c
MA1569.1,TFAP2E,TFAP2E,ENSMUSG00000042477.7,Tfap2e
MA0691.1,TFAP4,TFAP4,ENSMUSG00000005718.8,Tfap4
MA1570.1,TFAP4(var.2),TFAP4,ENSMUSG00000005718.8,Tfap4
MA0145.3,TFCP2,TFCP2,ENSMUSG00000009733.9,Tfcp2
MA1122.1,TFDP1,TFDP1,ENSMUSG00000038482.11,Tfdp1
MA0831.2,TFE3,TFE3,ENSMUSG00000000134.17,Tfe3
MA0692.1,TFEB,TFEB,ENSMUSG00000023990.18,Tfeb
MA0871.2,TFEC,TFEC,ENSMUSG00000029553.10,Tfec
MA0796.1,TGIF1,TGIF1,ENSMUSG00000047407.17,Tgif1
MA0797.1,TGIF2,TGIF2,ENSMUSG00000062175.13,Tgif2
MA1571.1,TGIF2LX,TGIF2LX,ENSMUSG00000100133.1,Tgif2lx1
MA0597.1,THAP1,THAP1,ENSMUSG00000037214.12,Thap1
MA1573.1,THAP11,THAP11,ENSMUSG00000036442.8,Thap11
MA1574.1,THRB,THRB,ENSMUSG00000021779.17,Thrb
MA1575.1,THRB(var.2),THRB,ENSMUSG00000021779.17,Thrb
MA1576.1,THRB(var.3),THRB,ENSMUSG00000021779.17,Thrb
MA1577.1,TLX2,TLX2,ENSMUSG00000068327.5,Tlx2
MA0106.3,TP53,TP53,ENSMUSG00000059552.13,Trp53
MA0525.2,TP63,TP63,ENSMUSG00000022510.14,Trp63
MA0861.1,TP73,TP73,ENSMUSG00000029026.16,Trp73
MA1123.2,TWIST1,TWIST1,ENSMUSG00000035799.6,Twist1
MA0633.1,Twist2,Twist2,ENSMUSG00000007805.4,Twist2
MA0721.1,UNCX,UNCX,ENSMUSG00000029546.12,Uncx
MA0093.3,USF1,USF1,ENSMUSG00000026641.13,Usf1
MA0526.3,USF2,USF2,ENSMUSG00000058239.13,Usf2
MA0722.1,VAX1,VAX1,ENSMUSG00000006270.7,Vax1
MA0723.1,VAX2,VAX2,ENSMUSG00000034777.2,Vax2
MA0693.2,VDR,VDR,ENSMUSG00000022479.15,Vdr
MA1578.1,VEZF1,VEZF1,ENSMUSG00000018377.10,Vezf1
MA0725.1,VSX1,VSX1,ENSMUSG00000033080.9,Vsx1
MA0726.1,VSX2,VSX2,ENSMUSG00000021239.12,Vsx2
MA1627.1,Wt1,Wt1,ENSMUSG00000016458.14,Wt1
MA0844.1,XBP1,XBP1,ENSMUSG00000020484.18,Xbp1
MA0095.2,YY1,YY1,ENSMUSG00000021264.12,Yy1
MA0748.2,YY2,YY2,ENSMUSG00000091736.3,Yy2
MA1649.1,ZBTB12,ZBTB12,ENSMUSG00000049823.9,Zbtb12
MA1650.1,ZBTB14,ZBTB14,ENSMUSG00000049672.15,Zbtb14
MA0698.1,ZBTB18,ZBTB18,ENSMUSG00000063659.11,Zbtb18
MA1579.1,ZBTB26,ZBTB26,ENSMUSG00000050714.9,Zbtb26
MA1580.1,ZBTB32,ZBTB32,ENSMUSG00000006310.10,Zbtb32
MA0527.1,ZBTB33,ZBTB33,ENSMUSG00000048047.3,Zbtb33
MA1581.1,ZBTB6,ZBTB6,ENSMUSG00000066798.3,Zbtb6
MA0750.2,ZBTB7A,ZBTB7A,ENSMUSG00000035011.15,Zbtb7a
MA0694.1,ZBTB7B,ZBTB7B,ENSMUSG00000028042.15,Zbtb7b
MA0695.1,ZBTB7C,ZBTB7C,ENSMUSG00000044646.15,Zbtb7c
MA0103.3,ZEB1,ZEB1,ENSMUSG00000024238.15,Zeb1
MA1651.1,ZFP42,ZFP42,ENSMUSG00000051176.6,Zfp42
MA1583.1,ZFP57,ZFP57,ENSMUSG00000036036.15,Zfp57
MA0146.2,Zfx,Zfx,ENSMUSG00000079509.10,Zfx
MA0696.1,ZIC1,ZIC1,ENSMUSG00000032368.14,Zic1
MA1628.1,Zic1::Zic2,"Zic1,Zic2","ENSMUSG00000032368.14,ENSMUSG00000061524.8","Zic1,Zic2"
MA1629.1,Zic2,Zic2,ENSMUSG00000061524.8,Zic2
MA0697.1,ZIC3,ZIC3,ENSMUSG00000067860.11,Zic3
MA0751.1,ZIC4,ZIC4,ENSMUSG00000036972.14,Zic4
MA1584.1,ZIC5,ZIC5,ENSMUSG00000041703.7,Zic5
MA1585.1,ZKSCAN1,ZKSCAN1,ENSMUSG00000029729.12,Zkscan1
MA1652.1,ZKSCAN5,ZKSCAN5,ENSMUSG00000055991.15,Zkscan5
MA0088.2,ZNF143,ZNF143,ENSMUSG00000061079.14,Zfp143
MA1653.1,ZNF148,ZNF148,ENSMUSG00000022811.17,Zfp148
MA1124.1,ZNF24,ZNF24,ENSMUSG00000051469.14,Zfp24
MA0528.2,ZNF263,ZNF263,ENSMUSG00000022529.11,Zfp263
MA1592.1,ZNF274,ZNF274,ENSMUSG00000058638.14,Zfp110
MA1630.1,Znf281,Znf281,ENSMUSG00000041483.14,Zfp281
MA1154.1,ZNF282,ZNF282,ENSMUSG00000025821.9,Zfp282
MA1593.1,ZNF317,ZNF317,ENSMUSG00000057551.10,Zfp317
MA1655.1,ZNF341,ZNF341,ENSMUSG00000059842.12,Zfp341
MA0130.1,ZNF354C,ZNF354C,ENSMUSG00000044807.13,Zfp354c
MA1594.1,ZNF382,ZNF382,ENSMUSG00000074220.10,Zfp382
MA1125.1,ZNF384,ZNF384,ENSMUSG00000038346.18,Zfp384
MA0752.1,ZNF410,ZNF410,ENSMUSG00000042472.11,Zfp410
MA0116.1,Znf423,Znf423,ENSMUSG00000045333.15,Zfp423
MA1656.1,ZNF449,ZNF449,ENSMUSG00000073176.4,Zfp449
MA1657.1,ZNF652,ZNF652,ENSMUSG00000075595.9,Zfp652
MA0753.2,ZNF740,ZNF740,ENSMUSG00000046897.17,Zfp740
MA1602.1,ZSCAN29,ZSCAN29,ENSMUSG00000050619.14,Zscan29
